Pueblo,Link imagen,Página fuente
Hoti,https://pueblosindigenas.es/wp-content/uploads/joti-pueblo-1-1024x680.jpeg,https://pueblosindigenas.es/de-venezuela/hoti/
Hoti,https://pueblosindigenas.es/wp-content/uploads/hoti4.jpeg,https://pueblosindigenas.es/de-venezuela/hoti/
Hoti,https://pueblosindigenas.es/wp-content/uploads/pueblo-hoti.jpg,https://pueblosindigenas.es/de-venezuela/hoti/
Hoti,https://pueblosindigenas.es/wp-content/uploads/vivienda-hoti.jpeg,https://pueblosindigenas.es/de-venezuela/hoti/
Hoti,https://www.vtv.gob.ve/wp-content/uploads/2024/11/SaveClip.App_466404444_858324639497025_2627657422023652575_n.jpg,https://www.vtv.gob.ve/pueblo-originario-hoti-recibe-atencion-manapiare/
Hoti,https://www.vtv.gob.ve/wp-content/uploads/2024/11/SaveClip.App_466370422_481300444312760_4994487093905564767_n.jpg,https://www.vtv.gob.ve/pueblo-originario-hoti-recibe-atencion-manapiare/
Hoti,https://www.vtv.gob.ve/wp-content/uploads/2024/11/SaveClip.App_466428787_1097356152020117_8264102696074343865_n.jpg,https://www.vtv.gob.ve/pueblo-originario-hoti-recibe-atencion-manapiare/
Hoti,https://delamazonas.com/wp-content/uploads/2022/03/flauta-jodi-fotografia-raul-sojo.jpg.webp,https://www.flacsoandes.edu.ec/web/imagesFTP/1361202195.FA_AGORA_2013_Szent12.pdf
Hoti,https://delamazonas.com/wp-content/uploads/2022/03/jodi-flacso-andes.jpg.webp,https://www.flacsoandes.edu.ec/web/imagesFTP/1361202195.FA_AGORA_2013_Szent12.pdf
Hoti,https://encrypted-tbn0.gstatic.com/images?q=tbn:ANd9GcQqyvBXkE0fpaYyGdgu1dkfEV6ds_WU3j6SPhHK1WJjd5iz-b-W2HwOl_VNrS8mXYsr120&usqp=CAU,https://www.flacsoandes.edu.ec/web/imagesFTP/1361202195.FA_AGORA_2013_Szent12.pdf
Hoti,https://encrypted-tbn0.gstatic.com/images?q=tbn:ANd9GcRv8pagUQnBSKqrNvlrbUb_eCQOWCGK9YAerg&s,https://www.flacsoandes.edu.ec/web/imagesFTP/1361202195.FA_AGORA_2013_Szent12.pdf
Hoti,https://encrypted-tbn0.gstatic.com/images?q=tbn:ANd9GcT3BY8DaOWLE2X9dlUEt2FT0AMu8NQhm79PYg&s,https://www.flacsoandes.edu.ec/web/imagesFTP/1361202195.FA_AGORA_2013_Szent12.pdf
Hoti,https://encrypted-tbn0.gstatic.com/images?q=tbn:ANd9GcTZPkN917ysuBfWQSN7KEhDP6T4RPiqNdnf7NX08yhR5hFhs21FMC1y1zyY9ERA97HxVy4&usqp=CAU,https://www.flacsoandes.edu.ec/web/imagesFTP/1361202195.FA_AGORA_2013_Szent12.pdf
Yanomami,https://static.nationalgeographicla.com/files/styles/image_3200/public/nationalgeographic622006.webp?w=379&h=214,https://www.nationalgeographicla.com/fotografo/robert-madden
Yanomami,https://imgs.mongabay.com/wp-content/uploads/sites/25/2018/12/10133003/Pueblo-Yanomami-21.jpg,https://es.mongabay.com/2023/02/la-tragedia-del-pueblo-yanomami-un-panorama-de-emergencia-en-venezuela-y-brasil/
Yanomami,https://imgs.mongabay.com/wp-content/uploads/sites/25/2023/02/09131615/Copia-de-FILE16899.jpg,https://es.mongabay.com/2023/02/la-tragedia-del-pueblo-yanomami-un-panorama-de-emergencia-en-venezuela-y-brasil/
Yanomami,https://assets.survivalinternational.org/pictures/444/bra-yan-fw-2008-26_940.jpg,https://www.survival.es/indigenas/yanomami
Yanomami,https://assets.survivalinternational.org/pictures/265/braz-yano-fw-32_940.jpg,https://www.survival.es/indigenas/yanomami
Yanomami,https://assets.survivalinternational.org/pictures/135/bra-yano-family_1170.jpg,https://www.survival.es/indigenas/yanomami
Yanomami,https://www.yanomami-hilfe.de/wp-content/uploads/2010/07/Yanomami-Haeuptling.jpg,https://www.yanomami-hilfe.de/es/los-yanomami/
Yanomami,https://www.yanomami-hilfe.de/wp-content/uploads/2007/11/Yanomami-Kinder.jpg,https://www.yanomami-hilfe.de/es/los-yanomami/
Yanomami,https://www.yanomami-hilfe.de/wp-content/uploads/2017/08/cropped-header-start-1.jpg,https://www.yanomami-hilfe.de/es/los-yanomami/
Yanomami,https://ichef.bbci.co.uk/ace/ws/624/amz/worldservice/live/assets/images/2013/09/04/130904101537_yanomami_granegetty151699406.jpg.webp,https://www.yanomami-hilfe.de/es/los-yanomami/
Yanomami,https://ichef.bbci.co.uk/ace/ws/464/amz/worldservice/live/assets/images/2013/09/04/130904095822__69529218_davidasboy_464.jpg.webp,https://www.yanomami-hilfe.de/es/los-yanomami/
Yanomami,https://ichef.bbci.co.uk/ace/ws/624/amz/worldservice/live/assets/images/2013/09/04/130904095816__69529219_reunited_624_sharp.jpg.webp,https://www.yanomami-hilfe.de/es/los-yanomami/
Yanomami,https://upload.wikimedia.org/wikipedia/commons/thumb/d/df/Alto_orinoco5.jpg/375px-Alto_orinoco5.jpg,https://es.wikipedia.org/wiki/Pueblo_yanomami
Yanomami,"https://www.nuevatribuna.es/asset/thumbnail,992,558,center,center/media/nuevatribuna/images/2023/01/25/2023012517551071059.jpg",https://www.nuevatribuna.es/articulo/global/brasil-tragedia-anunciada-pueblo-yanomami-bolsonaro-indigenas/20230125175609207591.html
Yanomami,https://elcafelatino.org/wp-content/uploads/2020/04/1-Principal-1200x640.jpg,https://elcafelatino.org/es/dalai-lama-amazonas-yanomami/
Yanomami,https://elcafelatino.org/wp-content/uploads/2020/05/3-David.jpg,https://elcafelatino.org/es/dalai-lama-amazonas-yanomami/
Yanomami,https://elcafelatino.org/wp-content/uploads/2020/04/5-por-si-caso.jpg,https://elcafelatino.org/es/dalai-lama-amazonas-yanomami/
Yanomami,https://elcafelatino.org/wp-content/uploads/2020/04/4-nino-yanomami.jpg,https://elcafelatino.org/es/dalai-lama-amazonas-yanomami/
Yanomami,https://static.nationalgeographicla.com/files/styles/image_3200/public/dfimg1016.jpg?w=1600,https://www.nationalgeographicla.com/historia/2023/02/quienes-son-los-yanomami-y-que-territorio-ocupan-en-la-amazonia
Akawayo,https://pueblosindigenas.es/wp-content/uploads/2019/10/akawayo.jpg,https://pueblosindigenas.es/de-venezuela/akawayo/#google_vignette
Akawayo,https://etniasdelmundo.com/wp-content/uploads/2018/06/Akawayo.jpg,https://etniasdelmundo.com/c-venezuela/akawayo/#google_vignette
Akawayo,http://www.lifemosaic.net/images/sized/images/uploads/News/wai-wai-elders-guyana-640x422.jpg,https://etniasdelmundo.com/c-venezuela/akawayo/#google_vignette
Kariña,https://pueblosindigenas.es/wp-content/uploads/2019/10/Kali%E2%80%99na.jpg,https://pueblosindigenas.es/de-venezuela/karina-pueblo-kalina/#google_vignette
Kariña,https://tukupudotcom.wordpress.com/wp-content/uploads/2021/03/img_20210308_105337.jpg,https://tukupudotcom.wordpress.com/about/
Kariña,https://tukupudotcom.wordpress.com/wp-content/uploads/2021/03/mujer-karina_-4-4.jpg?w=2048,https://tukupudotcom.wordpress.com/about/
Kariña,https://tukupudotcom.wordpress.com/wp-content/uploads/2021/03/pozo-oscuro.jpg?w=750,https://tukupudotcom.wordpress.com/about/
Kariña,https://encrypted-tbn0.gstatic.com/images?q=tbn:ANd9GcShxYpZgJrwGDbKi4vqhFd7W66QxKoi0sBXc3yi6XPUOIE_zo3mRk2YLD6dnAbMtqHWxz4&usqp=CAU,http://paisajesandinos.minec.gob.ve/wp-content/uploads/2024/02/Boletin-tematico-N-2-1.pdf
Kariña,https://encrypted-tbn0.gstatic.com/images?q=tbn:ANd9GcRbqKRVRsYvnBQbNWboGzY4pz2T-TrF9OlaC7J9EYLZxhpBENdZr_CJbrwnCrSIU_R_EEc&usqp=CAU,http://paisajesandinos.minec.gob.ve/wp-content/uploads/2024/02/Boletin-tematico-N-2-1.pdf
Kariña,https://encrypted-tbn0.gstatic.com/images?q=tbn:ANd9GcTn4duOyl9MgPYvti6wt7yYbYg8W5S0Usca3jaR9NhsehjduABpipCqiv-xnsbrLBUCbwE&usqp=CAU,http://paisajesandinos.minec.gob.ve/wp-content/uploads/2024/02/Boletin-tematico-N-2-1.pdf
Panare,https://upload.wikimedia.org/wikipedia/commons/thumb/2/22/Panare.JPG/360px-Panare.JPG,https://es.wikipedia.org/wiki/Etnia_E%27ñepá_o_Panare
Panare,https://upload.wikimedia.org/wikipedia/commons/thumb/8/8d/Panares.JPG/360px-Panares.JPG,https://es.wikipedia.org/wiki/Etnia_E%27ñepá_o_Panare
Panare,https://blogger.googleusercontent.com/img/b/R29vZ2xl/AVvXsEiFNsICR44rOHxf_j68z1mjzqPJKBvf4aqa4oopjJ09g2qZMwnunTBD37AEeYn6y0IRMRPeu2db6-arUDCv5qGrbKNdbBjj6zMy9kBXw3nfQxLyxOOTD7yLplv2dPQJnKFTlMaespHEjfci/s640/E%25C2%25B4%25C3%25B1apa++1.jpg,https://antropologiayecologiaupel.blogspot.com/2015/05/cultura-panare-enepa.html
Panare,https://blogger.googleusercontent.com/img/b/R29vZ2xl/AVvXsEhbiXzRLa9BSrolPmZj-N6E6FfHX0s7i1SOXDpGCY03gprkYvEHwhPqUc_HCxLHa5ibcr3MlfhlClF3PnEEAH4L8bm1fQICFKuSUSQQEeRL7vEGvUKEaxHL9TyOWyxtjpy9WHU1UmtdiAFO/s400/E%25C2%25B4%25C3%25B1apa++2.jpg,https://antropologiayecologiaupel.blogspot.com/2015/05/cultura-panare-enepa.html
Panare,https://pueblosindigenas.es/wp-content/uploads/2019/10/vivienda-panares-e1571857788235.jpg,https://pueblosindigenas.es/de-venezuela/panares/#google_vignette
Panare,https://blogger.googleusercontent.com/img/b/R29vZ2xl/AVvXsEhwtRpuqD2Y7BmJwSCbgLswARuN_Y_T0dYrTfiRUYF5soVAvc4jigSl1WukF9Scs-WC7czStevb74EbAKWeCYyr6ZA8chou1B6-wUzEZcspUGXIsEDtxSftssZCecTP8D8KvxTvoVMaUQMy/s640/E%25C3%25B1epa+1Foto+Lelia+Delgado.jpg,https://esteticapueblosoriginariosvenezuela.blogspot.com/2011/06/pueblos-originariosenepa-panare.html
Panare,https://2.bp.blogspot.com/-_eZkZTtjGZ8/Vrpdncac0fI/AAAAAAAAAEM/kYkkFrVg91g/s1600/12277654_1559052734340197_1688980071_n.jpg,https://esteticapueblosoriginariosvenezuela.blogspot.com/2011/06/pueblos-originariosenepa-panare.html
Panare,https://steemitimages.com/DQmaqmb781UhsMFNhPaocQDfMK9eQczyiqA1v5T13TB1oVk/foto%201.JPG,https://etniasdelmundo.com/c-venezuela/panare/#google_vignette
Panare,https://4.bp.blogspot.com/-Rf--WJuA-JU/VrWaSLxqgCI/AAAAAAAAABk/nHtKEJmZ1II/s1600/miskitos.jpg,https://etniasdelmundo.com/c-venezuela/panare/#google_vignette
Panare,https://marthibiris2011.files.wordpress.com/2012/02/indigena.jpg,https://etniasdelmundo.com/c-venezuela/panare/#google_vignette
Pemones,https://pueblosindigenas.es/wp-content/uploads/2019/10/los-pemones.jpg,https://pueblosindigenas.es/de-venezuela/pemones/
Pemones,https://pueblosindigenas.es/wp-content/uploads/2019/10/pueblo-pemon-1024x329.jpg,https://pueblosindigenas.es/de-venezuela/pemones/
Pemones,https://pueblosindigenas.es/wp-content/uploads/2019/10/indigenas-pemones.jpg,https://pueblosindigenas.es/de-venezuela/pemones/
Pemones,https://aler.org/wp-content/uploads/2024/02/IMG_20200421_183448.jpg,https://aler.org/nota_informativa/pueblo-indigena-pemon-persiste-en-mantener-su-cultura-y-costumbres/
Pemones,https://upload.wikimedia.org/wikipedia/commons/thumb/e/ea/Little_pemon_girls_-_Venezuela_-_Gran_Sabana.jpg/375px-Little_pemon_girls_-_Venezuela_-_Gran_Sabana.jpg,https://aler.org/nota_informativa/pueblo-indigena-pemon-persiste-en-mantener-su-cultura-y-costumbres/
Pemones,https://upload.wikimedia.org/wikipedia/commons/thumb/4/45/Three_Pemon_Men.JPG/375px-Three_Pemon_Men.JPG,https://aler.org/nota_informativa/pueblo-indigena-pemon-persiste-en-mantener-su-cultura-y-costumbres/
Pemones,"https://wp.es.aleteia.org/wp-content/uploads/sites/7/2019/03/web3-pemon-pemones-venezuela-natives-hugo-londono-cc-by-nc-sa-2.0.jpg?resize=620,350&q=75",https://es.aleteia.org/2019/03/18/quienes-son-los-pemones-por-que-se-habla-tanto-de-ellos
Pemones,https://wp.es.aleteia.org/wp-content/uploads/sites/7/2019/03/web3-pemon-pemones-venezuela-natives-naadir-jeewa-cc-by-nc-sa-2.0.jpg,https://es.aleteia.org/2019/03/18/quienes-son-los-pemones-por-que-se-habla-tanto-de-ellos
Pemones,https://historiadevenezuela.org/wp-content/uploads/2021/04/etnia-pemon.jpg,https://historiadevenezuela.org/etnias-indigenas/pemones/
Pemones,https://historiadevenezuela.org/wp-content/uploads/2021/04/mujeres-pemones.jpg,https://historiadevenezuela.org/etnias-indigenas/pemones/
Pemones,https://historiadevenezuela.org/wp-content/uploads/2021/04/rituales-de-pemones.jpg,https://historiadevenezuela.org/etnias-indigenas/pemones/
Pemones,https://historiadevenezuela.org/wp-content/uploads/2021/04/vestimenta-de-los-pemones.jpg,https://historiadevenezuela.org/etnias-indigenas/pemones/
Pemones,https://watanibasocioambiental.org/wp-content/uploads/2020/01/IMG-20200121-WA0010-300x225.jpg,https://watanibasocioambiental.org/wataniba-celebra-junto-al-pueblo-pemon-la-devolucion-de-la-piedra-kueka/
Puinave,https://etniasdelmundo.com/wp-content/uploads/2018/06/images-1-1-1.jpg,https://etniasdelmundo.com/c-colombia/puinave/#google_vignette
Puinave,https://etniasdelmundo.com/wp-content/uploads/2018/06/999.jpg,https://etniasdelmundo.com/c-colombia/puinave/#google_vignette
Puinave,https://pueblosindigenas.es/wp-content/uploads/2019/11/vivienda-Puinave.jpg,https://pueblosindigenas.es/de-venezuela/puinave/
Puinave,https://lac.jrs.net/vidasyterritorios/wp-content/uploads/2023/03/Puinave-2.jpg,https://pueblosindigenas.es/de-venezuela/puinave/
Piaroa,https://upload.wikimedia.org/wikipedia/commons/thumb/1/1c/Piaroa_Indianer.JPG/375px-Piaroa_Indianer.JPG,https://es.wikipedia.org/wiki/Piaroas
Piaroa,https://upload.wikimedia.org/wikipedia/commons/thumb/8/84/Piaroa_danse.jpg/330px-Piaroa_danse.jpg,https://es.wikipedia.org/wiki/Piaroas
Piaroa,https://pueblosindigenas.es/wp-content/uploads/2019/10/ni%C3%B1o-Piaroa.jpg,https://pueblosindigenas.es/de-venezuela/piaroa/#google_vignette
Piaroa,https://pueblosindigenas.es/wp-content/uploads/2019/10/chaman-Piaroa.jpg,https://pueblosindigenas.es/de-venezuela/piaroa/#google_vignette
Piaroa,https://pueblosindigenas.es/wp-content/uploads/2019/10/mujer-Piaroa.jpg,https://pueblosindigenas.es/de-venezuela/piaroa/#google_vignette
Piaroa,https://i0.wp.com/iamvenezuela.com/wp-content/uploads/2019/07/Ind%C3%ADgena-Piaroa-en-el-Alto-Cuao-Amazon%C3%ADa-venezolana.-Foto-Grupo-de-Trabajo-Socioambiental-de-la-Amazon%C3%ADa-Wataniba.jpg?w=768&ssl=1,https://iamvenezuela.com/2019/07/el-amenazado-ritual-warime-de-la-cultura-piaroa/
Piaroa,https://i0.wp.com/iamvenezuela.com/wp-content/uploads/2019/07/Bailes-y-danzas-en-el-ritual-Warime-de-la-cultura-ind%C3%ADgena-Piaroa.jpg?w=463&ssl=1,https://iamvenezuela.com/2019/07/el-amenazado-ritual-warime-de-la-cultura-piaroa/
Piaroa,https://i0.wp.com/iamvenezuela.com/wp-content/uploads/2019/07/Danza-warime.-Foto-Crist%C3%B3bal-Alvarado-Minic_Wikimedia-Commons-abril-2011..jpg?w=850&ssl=1,https://iamvenezuela.com/2019/07/el-amenazado-ritual-warime-de-la-cultura-piaroa/
Piaroa,https://blogger.googleusercontent.com/img/b/R29vZ2xl/AVvXsEh-X7oi2R4dHtd4h6p8wqSwXEFa_0jJKguUplIqV-tmZTnjJ2vjOroDjix1zqWJ2V6-pgu2QSGpfG4gtUEshhEkUA7wH-lN-Y87SYafNsF6wDxxCpeHLi9b538p4XXPXsQ2L9Hv1yQ61y_f/s1600/Piaroas.jpg,https://elverdaderoamazonasvenezolano.blogspot.com/2010/03/el-pueblo-piaroa.html
Piaroa,https://blogger.googleusercontent.com/img/b/R29vZ2xl/AVvXsEic5CByInYetYzUjNOl93Z70nWljR0Jwia1sdTNGB1GblQqrQ7VohXVag32kpnhWQbGpr4VV7PO6mnFUVtABTatZ-ZybwHFWy6TWzWV-5sIplKkJs8TaeNjizu25_meQn8hF4irpFM2LZ5M/s200/mujeres+Piaroas.jpg,https://elverdaderoamazonasvenezolano.blogspot.com/2010/03/el-pueblo-piaroa.html
Piaroa,https://blogger.googleusercontent.com/img/b/R29vZ2xl/AVvXsEhAuwvq_7PwCAhCmZfL_6uaaIgeUAVImGxip8bRfQisBog1IGQRtpbtjy-d4M2nQ5Yus-EB7svb1E9-lttBNStv4UdKlLrBapZUIoorc5MLylzu7u7lk7DkyVLls5dUCAWgO0OSHoAnzJ6R/s200/Shaman+lider+de+A.+C.jpg,https://elverdaderoamazonasvenezolano.blogspot.com/2010/03/el-pueblo-piaroa.html
Piaroa,https://aldeasur.com/wp-content/uploads/2018/11/piaroa-1.jpg.webp,https://aldeasur.com/tribu-piaroa-ellos-rechazan-la-violencia-y-no-castigan-de-forma-fisica-a-los-ninos-de-la-comunidad/
Piaroa,http://etniasdelmundo.com/wp-content/uploads/2018/06/piaroa-11.jpg,https://aldeasur.com/tribu-piaroa-ellos-rechazan-la-violencia-y-no-castigan-de-forma-fisica-a-los-ninos-de-la-comunidad/
Piaroa,https://encrypted-tbn0.gstatic.com/images?q=tbn:ANd9GcTle3IYRqUIzfLdx9TPWg6zWNJLNXU4S9ZvGGmdgnvySebPPjTI3nB7_I0zYSEIYj-_nOU&usqp=CAU,https://www.instagram.com/p/C5wq2F3OUZj/?img_index=1
Piaroa,https://encrypted-tbn0.gstatic.com/images?q=tbn:ANd9GcTVmjrC8VKCVENr0j8AN3LzwV86dhmSeaU7ad_mmmEt1PiVr-UFdIv1H2L-9W78LjYYnUQ&usqp=CAU,https://www.instagram.com/p/C5wq2F3OUZj/?img_index=2
Piaroa,https://encrypted-tbn0.gstatic.com/images?q=tbn:ANd9GcSUiha8PPE_ZSThMcRyees4jCG584cJS365Qm-Bx-b69RRPYNl7Qvy-nj5SPCDbSugyPmI&usqp=CAU,https://www.instagram.com/p/C5wq2F3OUZj/?img_index=3
Piaroa,https://dragondeluz.com/wp-content/uploads/2022/03/240438608_138388638487246_5187799080675528306_n-800x445.jpg,https://dragondeluz.com/los-huottoja-piaroas-etnia-indigena/
Warao,https://upload.wikimedia.org/wikipedia/commons/thumb/8/87/A_Warao_family_in_their_canoe.jpg/480px-A_Warao_family_in_their_canoe.jpg,https://es.wikipedia.org/wiki/Waraos
Warao,https://upload.wikimedia.org/wikipedia/commons/thumb/9/98/Compartir_Warao.jpg/330px-Compartir_Warao.jpg,https://es.wikipedia.org/wiki/Waraos
Warao,https://pueblosindigenas.es/wp-content/uploads/2019/10/canoa.jpg,https://pueblosindigenas.es/de-venezuela/waraos/
Warao,https://www.acnur.org/sites/default/files/styles/standard_08/public/legacy-images/63d81f194.webp?h=77f27739&itok=ddcz8I7n,https://www.acnur.org/noticias/comunicados-de-prensa/la-proteccion-comunitaria-fomenta-la-autonomia-del-pueblo-indigena
Warao,https://www.acnur.org/sites/default/files/styles/d08/public/legacy-images/63d821ba4.webp?itok=hPNxnUmk%20800w%2C%20/sites/default/files/styles/de2e/public/legacy-images/63d821ba4.webp%3Fitok%3Dt1JDqlO8%20988w,https://www.acnur.org/noticias/comunicados-de-prensa/la-proteccion-comunitaria-fomenta-la-autonomia-del-pueblo-indigena
Warao,https://www.acnur.org/sites/default/files/styles/d08/public/legacy-images/63d821664.webp?itok=mnKtbNV3%20800w%2C%20/sites/default/files/styles/de2e/public/legacy-images/63d821664.webp%3Fitok%3DcEmActiS%20988w,https://www.acnur.org/noticias/comunicados-de-prensa/la-proteccion-comunitaria-fomenta-la-autonomia-del-pueblo-indigena
Warao,https://www.acnur.org/sites/default/files/styles/de2e/public/legacy-images/63d8223d4.webp?itok=SUuiRfrP,https://www.acnur.org/noticias/comunicados-de-prensa/la-proteccion-comunitaria-fomenta-la-autonomia-del-pueblo-indigena
Warao,"https://sp-ao.shortpixel.ai/client/to_webp,q_glossy,ret_img,w_1080/https://waraosamazonicos.com/wp-content/uploads/2021/08/Artesanias-de-los-indigenas-Waraos.jpg",https://waraosamazonicos.com/cuales-son-las-culturas-de-los-waraos/
Warao,https://blogger.googleusercontent.com/img/b/R29vZ2xl/AVvXsEjoapCbCaOd-PwCcxoA4rASRGCCDGvLj6W-nBWFNtTriCWoplZBau7KvFV7J0zOxJdHV1fY0NgiJnMThNTUYtCLz-wVjEuXzTRARySwkll2VMdcQhyphenhyphenrGNNBOsvg6sKXtIQ1Ffte8nBw2job/s500/120523-warao-440px.jpg,https://deltatierraviva.blogspot.com/2012/05/
Warao,https://www.infobae.com/resizer/v2/CYDHCMN6DNHD5M73WF3GYLK4ZY.jpg?auth=5a5b1d257235f2e317e6c10da555f785c4a36ac184ab4de556242cbce18bfd45&smart=true&width=992&height=558&quality=85,https://www.infobae.com/america/venezuela/2020/06/05/el-desesperado-grito-de-los-waraos-venezolanos-para-que-la-comunidad-internacional-no-los-deje-morir-de-hambre-y-enfermedades/
Warao,https://www.infobae.com/resizer/v2/MVVXT2SELRD35AB4F27MNH7HUY.jpg?auth=2d58b83d9960667b47b5182097e752b4dd3e8723abe3c0a15702c8a70845ff9e&smart=true&width=992&height=558&quality=85,https://www.infobae.com/america/venezuela/2020/06/05/el-desesperado-grito-de-los-waraos-venezolanos-para-que-la-comunidad-internacional-no-los-deje-morir-de-hambre-y-enfermedades/
Warao,https://www.repam.net/es/wp-content/uploads/2021/09/Warao-Jan-Costa-ni%C3%B1o.jpg,https://www.repam.net/es/venezuela-conociendo-al-pueblo-indigena-warao/
Warao,https://www.raisg.org/wp-content/uploads/2019/09/Tucupita4.jpg,https://www.raisg.org/es/radar/monsenor-ernesto-romero-lo-que-mas-pide-el-pueblo-warao-es-una-inculturacion-del-evangelio/
Warao,https://www.raisg.org/wp-content/uploads/2019/09/Tucupita2.jpg,https://www.raisg.org/es/radar/monsenor-ernesto-romero-lo-que-mas-pide-el-pueblo-warao-es-una-inculturacion-del-evangelio/
Warao,https://www.consolataamerica.org/es/wp-content/uploads/2020/11/warao-Kokal-1-1536x1152.jpg,https://www.consolataamerica.org/es/i-seminario-internacional-indigenas-warao/
Warao,https://cortudelta.wordpress.com/wp-content/uploads/2013/02/curiapo-075.jpg?w=600,https://cortudelta.wordpress.com/etnia-warao/
Warao,https://cortudelta.wordpress.com/wp-content/uploads/2013/02/danza-warao-en-escuela-ceferino-rojas-diaz-mun-tucupita.jpg?w=300,https://cortudelta.wordpress.com/etnia-warao/
Warao,http://radiomundial.com.ve/wp-content/uploads/2016/09/warao.jpg,http://radiomundial.com.ve/pueblo-warao-en-sucre-recibe-insumos-para-la-actividad-agricola/
Mapoyo,https://global.unitednations.entermediadb.net/assets/mediadb/services/module/asset/downloads/preset/08-08-2019-UNESCO-LICH-Mapoyo-Project-04.jpg/image1440x560cropped.jpg,https://news.un.org/es/story/2019/08/1460411
Mapoyo,https://global.unitednations.entermediadb.net/assets/mediadb/services/module/asset/downloads/preset/08-08-2019-UNESCO-LICH-Mapoyo-Project-03.jpg/image1170x530cropped.jpg,https://albaciudad.org/2021/11/mapoyo-1era-lengua-ingresada-a-la-lista-de-patrimonio-cultural-inmaterial-de-la-humanidad-en-2014/
Mapoyo,https://albaciudad.org/wp-content/uploads/2021/11/nacion-indigena.jpeg,https://albaciudad.org/2021/11/mapoyo-1era-lengua-ingresada-a-la-lista-de-patrimonio-cultural-inmaterial-de-la-humanidad-en-2014/
Mapoyo,https://haimaneltroudi.com/wp-content/uploads/2023/12/haiman-el-troudi-tradicion-oral-mapoyo-lista-patrimonio-cultural-intangible-6.jpg,https://haimaneltroudi.com/tradicion-oral-mapoyo-patrimonio-cultural-intangible-del-mundo/
Mapoyo,https://haimaneltroudi.com/wp-content/uploads/2019/01/haiman-el-troudi-tradicion-oral-mapoyo-lista-patrimonio-cultural-intangible-4-1.jpg,https://haimaneltroudi.com/tradicion-oral-mapoyo-patrimonio-cultural-intangible-del-mundo/
Mapoyo,http://www.diversidadcultural.gob.ve/sites/default/files/media/photos/el_cacique_del_pueblo_mapoyo_simon_bastidas_junto_a_su_comunidad_coleccion_cdc_foto_rafael_salvatore_img_0716.jpg,http://www.diversidadcultural.gob.ve/media/el-cacique-del-pueblo-mapoyo-simon-bastidas-junto-a-su-comunidad-coleccion-cdc-foto-rafael
Mapoyo,https://albaciudad.org/wp-content/uploads/2014/11/COMUNIDAD-IND%C3%8DGENA-EL-PALOMO-MURUKONI-DONDE-HABITA-LA-ETNIA-MAPOYO-AMAZONAS-5.jpg,https://albaciudad.org/2014/11/los-mapoyo-ya-estan-en-paris-y-tendran-voz-en-la-unesco/
Mapoyo,https://albaciudad.org/wp-content/uploads/2014/11/FLORINDA-GARCIA-COMUNIDAD-IND%C3%8DGENA-EL-PALOMO-MURUKONI-DONDE-HABITA-LA-ETNIA-MAPOYO-AMAZONAS-46.jpg,https://albaciudad.org/2014/11/los-mapoyo-ya-estan-en-paris-y-tendran-voz-en-la-unesco/
Mapoyo,https://albaciudad.org/wp-content/uploads/2014/11/RHUT-BASTIDAS-COMUNIDAD-IND%C3%8DGENA-EL-PALOMO-MURUKONI-DONDE-HABITA-LA-ETNIA-MAPOYO-AMAZONAS-39.jpg,https://albaciudad.org/2014/11/los-mapoyo-ya-estan-en-paris-y-tendran-voz-en-la-unesco/
Mapoyo,https://albaciudad.org/wp-content/uploads/2014/11/COMUNIDAD-IND%C3%8DGENA-EL-PALOMO-MURUKONI-DONDE-HABITA-LA-ETNIA-MAPOYO-AMAZONAS-26.jpg,https://albaciudad.org/2014/11/los-mapoyo-ya-estan-en-paris-y-tendran-voz-en-la-unesco/
Mapoyo,https://albaciudad.org/wp-content/uploads/2014/11/COMUNIDAD-IND%C3%8DGENA-EL-PALOMO-MURUKONI-DONDE-HABITA-LA-ETNIA-MAPOYO-AMAZONAS-25.jpg,https://albaciudad.org/2014/11/los-mapoyo-ya-estan-en-paris-y-tendran-voz-en-la-unesco/
Mapoyo,https://www.elnuevoherald.com/noticias/america-latina/venezuela-es/r61k4q/picture4139961/alternates/LANDSCAPE_1140/indios2.jpg,https://albaciudad.org/2014/11/los-mapoyo-ya-estan-en-paris-y-tendran-voz-en-la-unesco/
Yabarana,https://runrun.es/wp-content/uploads/2016/02/PuebloYabarana.jpg,https://runrun.es/nacional/venezuela-2/247655/ong-exigen-proteccion-gubernamental-a-pueblo-indigena-yabarana-contra-ataques-de-mineros-ilegales/
Yabarana,https://blogger.googleusercontent.com/img/b/R29vZ2xl/AVvXsEgeBJ0GnQPYEwyuL3qAhh_N1mhxbEDzmw_FEfB5nie4sbZjyOEi5u2ElpVuuRNwMpQ8SYbVoqLm8Yv-yrAVv8dU3ql7q13_-6ZxCo8q00BoTsErsFCDRumkcHLVWEQjNtVH-bBWIpJin7Y/s1600/wayuu.jpg,https://etniasindigenasmisiones.blogspot.com/p/yabarana-este-grupoque-en-otros-tiempos.html
Yabarana,https://blogger.googleusercontent.com/img/b/R29vZ2xl/AVvXsEgAvF1MyFUn_OwVEFqaVjdeDC7xAnko9j0e4ysjMMoQMlSk74ibIt_yJku1yujNAHhW73UIehaPk0qDzbHY4Z6Tme789BAOEu9gjdrX8EYW6l6WKcI2z6daVRaXanld7a_hSZ77/s400/Yabarana++02.jpg,https://textosyfotos.blogspot.com/2011/03/pueblo-yabarana.html
Yabarana,https://blogger.googleusercontent.com/img/b/R29vZ2xl/AVvXsEipT-6s8Wre3j6mMtWIWK6BD5VKqt0LsUVpLtHpsPQaNU-5pXydAn5emD_Qm6BCvHAMdqSbg2qq9j4U1KADiTmigAM3_LthbdQF7nKDNck4nJHdiOlaOmwYfyXDN8R66h-c39xr/s400/Yabarana++03.jpg,https://textosyfotos.blogspot.com/2011/03/pueblo-yabarana.html
Yabarana,https://blogger.googleusercontent.com/img/b/R29vZ2xl/AVvXsEg0oYqiLWZi3OLCtpFHNRwCtbE4eB9ZJeuiYTkFUceIWcqrTz6TbHJ6JU4l2vQVbTtlMJNaCXW-zXwmehMQfoyWDr7hFYFOj3yCVfk42KZQZZJep13hANxY7v_ETjpBY6ldb1Oy/s400/Yabarana++04.jpg,https://textosyfotos.blogspot.com/2011/03/pueblo-yabarana.html
Yabarana,https://blogger.googleusercontent.com/img/b/R29vZ2xl/AVvXsEjjsjaoAFDcrykdKJokBvJ3vZd4rwU2mHw_dyTLD3UQfC_sedChpkEH4o5QbeaAqALZmqNT6l95bFD26nMhQc-XK4-1TxcPQuqGKfiE-acgy-WIRH4ejNax7bEUds-_jGInmNrX/s400/Yabarana++07.jpg,https://textosyfotos.blogspot.com/2011/03/pueblo-yabarana.html
Yabarana,https://blogger.googleusercontent.com/img/b/R29vZ2xl/AVvXsEjjSvvnmVpW8ABcrS0r9huOM42nGyDxUtX1Xj_xYgXlSL6L9eL6gk1I3M2afC6Rz6SZOfuABzc_c991rw7KfrtHKvWKstEWljHw-52Y9IfksaSD2XAnOC9YunQOCxfQIzigehvn/s400/Yabarana++08.jpg,https://textosyfotos.blogspot.com/2011/03/pueblo-yabarana.html
Yabarana,https://blogger.googleusercontent.com/img/b/R29vZ2xl/AVvXsEgxhyP7UC-CATdurwhy0ZEwKMniNcejvGcE-UzhaeXQBXXYPjdDRtoHXvOjV0oMpzPOXI4TFdwVf_xppSrpdcaUcj0lfzXXyfmBp3FNPw3OyKlE80Y0YIBfu4chPZ6NTn6RjUQ4/s400/Yabarana++10.jpg,https://textosyfotos.blogspot.com/2011/03/pueblo-yabarana.html
Yabarana,https://blogger.googleusercontent.com/img/b/R29vZ2xl/AVvXsEjZhxaJyQbQ5JZ2wABbw5Vxbxm6RmLXXCNx74XkdInpEn36EN6eDl5M2avp1UkCwhskfDs8hSCYJHDYjtwxWCAPxsqEkJOkHcGABPnjg1nf7rVahPhlEYaL0MBzbntPVZxxXMI7/s400/Yabarana++11.jpg,https://textosyfotos.blogspot.com/2011/03/pueblo-yabarana.html
Yabarana,https://blogger.googleusercontent.com/img/b/R29vZ2xl/AVvXsEh7zrzHIAU5uBL-0TUjBXn2Dz3cnDucZfmAybU37O6Gv6WaET5U1f6lxp3An2N0Ye75bQe41SWaiOTiSkucrYwEa92A1V6Hb989wrA9FFQv4kkFXO7VUtNjazEM7wCd4fHRZMBg/s400/Yabarana++13.jpg,https://textosyfotos.blogspot.com/2011/03/pueblo-yabarana.html
Guahibo,https://upload.wikimedia.org/wikipedia/commons/thumb/d/df/Chaman.jpg/480px-Chaman.jpg,https://es.wikipedia.org/wiki/Guahíbo
Guahibo,https://www.laradiodelsur.com.ve/wp-content/uploads/2022/05/FT3nCXaXoAERaYA-768x427-1.jpg,https://www.laradiodelsur.com.ve/inauguran-nicho-etnolinguistico-ekoneiba-en-amazonas/
Guahibo,https://encrypted-tbn0.gstatic.com/images?q=tbn:ANd9GcScEBs_B6oLpdw09jyOImolD0vnBVWQcD9S3A&s,https://www.curiosoteatro.com/2024/10/etnia-jivi-explorando-la-diversidad-cultural-amazonica.html
Guahibo,https://albaciudad.org/wp-content/uploads/2012/03/DSC00713-632x419.jpg,https://albaciudad.org/2012/03/en-fotos-marisela-querales-ximo-gonzalez-y-representantes-de-la-etnia-jivi-en-alba-ciudad/
Guahibo,https://albaciudad.org/wp-content/uploads/2012/03/DSC00721-632x419.jpg,https://albaciudad.org/2012/03/en-fotos-marisela-querales-ximo-gonzalez-y-representantes-de-la-etnia-jivi-en-alba-ciudad/
Yekuana,https://blogger.googleusercontent.com/img/b/R29vZ2xl/AVvXsEhS3uTWGMVt8vYyhUN41FafZUWFyJESQFygi0qz01Q64g8AKG_QJk82paO3qFewPn-udCJI9VgpAgVELanaYv2lTM3Pj64QmKSW4vSTNBOxbqA8QEeZgPJCP6xjaRhTUNqVKaWkQPnpsg38/s1600/Vestimenta+yekuana.jpg,https://elverdaderoamazonasvenezolano.blogspot.com/2010/03/el-pueblo-yekuana.html
Yekuana,https://blogger.googleusercontent.com/img/b/R29vZ2xl/AVvXsEgD2JPQ9xg1ff7I-SjNlob4q_2fNq44S4YulXeqU8Ad4RlvoLF1_rLx0edF_27KUbnolB1uj6bl1eM-t4wW-isSlluRU2nLNsPfQYZ6htoR2dHStaib8EYSFV2SWPt_QE-oHzlczYHOMFaz/s1600/Vestimenta+y+chur.+Ye.jpg,https://elverdaderoamazonasvenezolano.blogspot.com/2010/03/el-pueblo-yekuana.html
Yekuana,https://blogger.googleusercontent.com/img/b/R29vZ2xl/AVvXsEheVnWCUB0QoSIF2tlbRaaaRVGWWoaBT2nN43pSo8VMpGzWj0SaOxz0djDQJeaV2yfcktxFYFTSq2fAtvzs-vRIXBSlQW2rggxSIvk2VkHLJuJ1r9cRkXzAer1YeKZRkFju1w0ZhcN8gQtb/s1600/Vest.+ni%C3%B1a+yek.jpg,https://elverdaderoamazonasvenezolano.blogspot.com/2010/03/el-pueblo-yekuana.html
Yekuana,https://blogger.googleusercontent.com/img/b/R29vZ2xl/AVvXsEi7rUlYs7bjZfiktAV7QaCX_iCKx1A3JFqCtqzFoKbuHMu0w0hKHCbROAZiemqX9FrkziFWswnWD83p-rER33J_2ix_VubAG7KmLnuIkk17sn6K3Dy4QKp4m2_YswcahskTnmN5uCarUL5l/s1600/Vest.+joven+yek.jpg,https://elverdaderoamazonasvenezolano.blogspot.com/2010/03/el-pueblo-yekuana.html
Yekuana,https://blogger.googleusercontent.com/img/b/R29vZ2xl/AVvXsEgWLCuSzBguCPc2qcEeBcm5hybStjBSV8wZY8pFho1vJLKTMZweHL2scfeyF3RQTG7WP8N3EligAyqO_9-1NC9OlrNUDI8n02m67Q6NHoEXct7jGuhfWVkddBqGo1qfwLD1TBlmIGSviKZU/s1600/Tejiendo.jpg,https://elverdaderoamazonasvenezolano.blogspot.com/2010/03/el-pueblo-yekuana.html
Yekuana,https://blogger.googleusercontent.com/img/b/R29vZ2xl/AVvXsEgCiiPmHMq8SDk_Jm9rl43C2Slb4AK3iqaOu_NhGWfNOHjibfSBpfY9zC3hS0sEiFahEFQLiZQOe18dK2T-ODysyZP-1LbDVejzWgE6A7V1FiwUjJPh86wJI4duUtg_ml96_RBDdqgHvXqt/s1600/Ni%C3%B1as+Ye.jpg,https://elverdaderoamazonasvenezolano.blogspot.com/2010/03/el-pueblo-yekuana.html
Yekuana,https://blogger.googleusercontent.com/img/b/R29vZ2xl/AVvXsEiU1PHaluld_vOKr2VWghVw-gf21H0G_TPQbyMsNZkLk73kABZWODuOjOvTMBP4JQPywUQ09Uf7s-RZwZtXRcHOMCBgGy4uFa3BlIp6xu04NGM14jP9mucy3IHgokOFInvXvwe8tJL_NGXv/s1600/Cesta+grande.jpg,https://elverdaderoamazonasvenezolano.blogspot.com/2010/03/el-pueblo-yekuana.html
Yekuana,https://beatrizbermudezrothe.com/wp-content/uploads/2021/12/8-Ninas-yekuana.jpg,https://beatrizbermudezrothe.com/naju-un-nino-yekuana/
Yekuana,https://etniasdelmundo.com/wp-content/uploads/2018/06/Yekuana.jpg,https://etniasdelmundo.com/c-venezuela/yekuana/#google_vignette
Yekuana,https://2.bp.blogspot.com/-6yzb18BE_-U/VsNLhKzkzpI/AAAAAAAAg9g/da9NITL01Q8/s1600/Ni_os%2BInd_genas%2Bdel%2BAlto%2BOrinoco%2B-%2BVenezuela%2B%2540EuroLobo%2B%25281%2529.jpg,https://etniasdelmundo.com/c-venezuela/yekuana/#google_vignette
Yekuana,https://encrypted-tbn0.gstatic.com/images?q=tbn:ANd9GcTfjld5VAk2PZu-ROGkwViX6spEy8AUu2J3hgNRq5e2cNZhFhQgtox1tMLNTuPFfAhv-dc&usqp=CAU,https://www.facebook.com/photo.php?fbid=1954125401430510&id=665897920253271&set=a.946319665544427
Yekuana,https://yekwanaadventures.wordpress.com/wp-content/uploads/2011/07/dscf0052.jpg?w=1024,https://yekwanaadventures.wordpress.com
